{
  "arm_joints": [
    0.09,
    -0.7500000000000004,
    0.33000000000000007,
    -0.03,
    -0.9300000000000006,
    0.42000000000000015
  ],
  "gripper": 0.006,
  "tcp_world": [
    0.5080502419197916,
    0.007710743112035824,
    0.07306303284325923
  ],
  "object_world": [
    0.46970666839708575,
    0.023829338067872095,
    0.03207044536066498
  ],
  "object_axis_xy": [
    0.8796042309654657,
    0.475706208565383,
    0.0
  ],
  "tcp_to_object": [
    -0.0383435735227059,
    0.01611859495583627,
    -0.040992587482594246
  ],
  "arm_joint_names": [
    "J_jianbu",
    "J_dabi",
    "J_Upper",
    "J_Lower",
    "J_wrist",
    "J_hand"
  ]
}