{
  "schema_version": 2,
  "arm_joints": [
    -0.14559999999999956,
    -0.7334999999999919,
    0.4160000000000003,
    0.0,
    -1.0640000000000007,
    -0.5960000000000005
  ],
  "gripper": 0.0,
  "tcp_world": [
    0.45791995683559383,
    -0.10480861297603339,
    0.0965677783814814
  ],
  "object_world": [
    0.4511501681936239,
    -0.05234130170545558,
    0.0320774950434974
  ],
  "object_axis_xy": [
    0.6521131290441359,
    -0.7581216702668947,
    0.0
  ],
  "object_side_xy": [
    0.7581216702668947,
    0.6521131290441359,
    -0.0
  ],
  "tcp_from_object": [
    0.0067697886419699205,
    -0.052467311270577806,
    0.064490283337984
  ],
  "tcp_to_object": [
    -0.0067697886419699205,
    0.052467311270577806,
    -0.064490283337984
  ],
  "tcp_axis_offset": 0.044191273709145974,
  "tcp_side_offset": -0.02908229905258506,
  "tcp_axis_offset_abs": 0.044191273709145974,
  "tcp_side_offset_abs": 0.02908229905258506,
  "tcp_height_offset": 0.064490283337984,
  "arm_joint_names": [
    "J_jianbu",
    "J_dabi",
    "J_Upper",
    "J_Lower",
    "J_wrist",
    "J_hand"
  ],
  "notes": "Axis and side offsets are saved as absolute values for auto grasp so object-axis direction and side choice can be selected online."
}